Page5_Table1,,Mean,SD,Min,Max
Page5_Table1,Age,23.47,2.51,20,30
Page5_Table1,VR experience,1.2,0.6,0,2
Page5_Table1,VR gaming experience,0.83,0.52,0,2
Page5_Table1,Proneness to motion sickness,0.87,0.72,0,3
Page5_Table1,Proneness to cybersickness,0.73,0.63,0,2
Page6_Table1,Modes,Activation method,Threshold
Page6_Table1,Controller,Rotate joystick,60°
Page6_Table1,Gaze,Dwell at icons,0.15s
Page6_Table1,Head,Rotate head along the y-axis,15°
Page6_Table1,Body,Lean body from the original position,10cm
Page6_Table1,Face,Blink eyes and open mouth,"0.15s for blink (confidence level =0.4)
Mouth open >0.6, eyes closed <0.3 (0=fully closed, 1=fully open)."
Page9_Table1,,BenchmarkR,,,"Benchmar
kV",,Controller,,,Gaze,,,Head,,,Body,,,Face,
Page9_Table1,"Difficult
y",Easy,Hard,,Control,,Easy,Hard,,Easy,Hard,,Easy,Hard,,Easy,Hard,,Easy,Hard
Page9_Table1,"VR
Performa
nce",,,,,,,,,,,,,,,,,,,
Page9_Table1,𝐷 (m),/,/,,"834.32
(±41.77)",,"687.01
(±96.51
)","643.88
(±106.
74)",,"696.91
(±105.
81)","580.3
1
(±87.
60)",,"786.58
(±108.
37)","658.01
(±91.1
3)",,"768.6
3 (±
81.43
)","621.6
1 (±
112.3
4)",,"687.0
1
(±18
8.90)","548.3
6
(±16
6.50)"
Page9_Table1,"𝑎𝑣𝑔𝑆𝑝𝑑
(km/s)",/,/,,"32.19
(±1.37)",,"27.41
(±3.15)","25.72
(±3.67
)",,"28.10
(±3.11)","23.97
(±3.1
0)",,"30.72
(±4.21
)","26.65
(±3.49
)",,"30.24
(±3.0
9)","25.33
(±4.1
1)",,"27.60
(±6.1
8)","22.66
(±5.9
0)"
Page9_Table1,𝑁𝑜𝐶,/,/,,"0.9
(±0.92)",,"4.27
(±1.84)","4.53
(±1.80
)",,"4.43
(±1.94)","7.27(
±2.35
)",,"1.93
(±2.29
)","5.63
(±2.62
)",,"1.83
(±1.9
5)","5.83
(±3.3
1)",,"2.9
(±1.9
5)","6.77
(±3.1
9)"
Page9_Table1,𝑇𝑜𝐶 (s),/,/,,"0.57
(±0.80)",,"5.26
(±4.78)","8.92
(±7.46
)",,"3.91
(±2.22)","9.58
(±6.1
4)",,"1.57
(±3.43
)","4.90
(±3.34
)",,"1.53
(±2.4
2)","7.26
(±6.3
2)",,"5.26
(±4.7
8)","8.92
(±7.4
6)"
Page9_Table1,𝑆𝐴𝐿,/,/,,"-164.90
(±33.30)",,"-232.66
(±37.42
)","-249.0
9
(±29.2
2)",,"-250.64
(±37.0
2)","-256.
94
(±38.
67)",,"-190.5
8
(±52.9
5)","-253.5
1
(±27.1
2)",,"-212.
58
(±56.
72)","-249.
10
(±29.
29)",,"-237.
01
(±48.
51)","-255.
76
(±40.
06)"
Page9_Table1,"VR
Operatio
n",,,,,,,,,,,,,,,,,,,
Page9_Table1,𝑁𝑜𝐴,/,/,,"68.20
(±20.50)",,"55.43
(±19.36
)","51.33
(±17.5
9)",,"50.00
(±9.28)","43.87
(±7.8
2)",,"40.70
(±10.0
1)","35.43
(±7.17
)",,"31.97
(±7.1
1)","30.40
(±6.3
6)",,"43.43
(±11.
28)","50.60
(±11.
04)"
Page9_Table1,𝑇𝑜𝐴 (s),/,/,,"0.59
(±0.12)",,"0.66
(±0.11)","0.66
(±0.15
)",,"0.68
(±0.12)","0.63
(±0.1
1)",,"1.03
(±0.19
)","1.03
(±0.20
)",,"1.29
(±0.1
8)","1.26
(±0.2
6)",,"0.66
(±0.5
3)","0.66
(±0.1
9)"
Page9_Table1,"RW
performa",,,,,,,,,,,,,,,,,,,
Page10_Table1,,BenchmarkR,,,"Benchmar
kV",,Controller,,,Gaze,,,Head,,,Body,,,Face,
Page10_Table1,"Difficult
y",Easy,Hard,,Control,,Easy,Hard,,Easy,Hard,,Easy,Hard,,Easy,Hard,,Easy,Hard
Page10_Table1,nce,,,,,,,,,,,,,,,,,,,
Page10_Table1,𝐵,"61.15
(±8.9
5)","38.93
(±6.58
)",,/,,"17.77
(±6.34)","11.97
(±6.33
)",,"31.98
(±8.56)","12.30
(±4.6
4)",,"38.57
(±8.06
)","20.12
(±6.12
)",,"36.88
(±7.2
2)","18.17
(±6.4
9)",,"35.20
(±8.1
4)","17.45
(±5.5
6)"
Page10_Table1,Gaze,,,,,,,,,,,,,,,,,,,
Page10_Table1,𝑁𝑜𝐺,/,/,,/,,"11.73
(±11.69
)","15.97
(±5.96
)",,"2.47
(±5.31)","17.70
(±7.0
8)",,"3.73
(±7.08
)","30.00
(±7.48
)",,"4.17
(±8.6
9)","26.67
(±7.7
5)",,"3.57
(±3.7
2)","29.53
(±7.6
2)"
Page10_Table1,𝑇𝑜𝐺 (s),/,/,,/,,"12.44
(±13.59
)","30.88
(±10.7
4)",,"3.23
(±7.09)","26.72
(±10.
39)",,"4.74
(±13.3
0)","43.97
(±15.8
8)",,"4.19
(±12.
78)","40.45
(±16.
95)",,"2.51
(±2.8
7)","39.56
(±14.
83)"
Page10_Table1,Δ𝐻𝑅,"8.30
(±6.8
2)","8.63
(±5.92
)",,"0.40
(±4.79)",,"1.10
(±4.43)","3.27
(±4.59
)",,"4.83
(±7.00)","1.73
(±3.6
7)",,"6.57
(±7.82
)","5.10
(±4.96
)",,"6.93
(±6.8
0)","5.77
(±5.1
4)",,"6.10
(±6.9
8)","3.93
(±4.0
9)"
Page10_Table1,"NASA-T
LX",,,,,,,,,,,,,,,,,,,
Page10_Table1,"Mental
demand","8.33
(±14.
35)","33.33
(±23.9
7)",,"31.67
(±21.60)",,"47.22
(±24.79
)","63.89
(±
23.60)",,"50.00
(±
28.03)","69.44
(±
22.78
)",,"35.00
(±
19.25)","53.33
(±
27.82)",,"35.56
(±
23.05
)","57.78
(±
24.66
)",,"37.22
(±23.
03)","57.22
(±24.
24)"
Page10_Table1,"Physical
demand","31.11
(±25.
42)","29.44
(±22.1
8)",,"26.67
(±24.60)",,"41.11
(±23.46
)","45.00
(±24.4
3)",,"38.89
(±27.8
0)","45.56
(±25.
50)",,"47.78
(±26.1
6)","51.11
(±28.6
8)",,"52.78
(±23.
19)","59.44
(±26.
51)",,"36.67
(±26.
77)","44.44
(±27.
45)"
Page10_Table1,"Temporal
demand","42.22
(±29.
27)","44.44
(±29.4
7)",,"24.44
(±24.66)",,"65.56
(±20.50
)","67.78
(±23.1
3)",,"48.33
(±24.5
1)","65.00
(±26.
02)",,"34.44
(±25.5
0)","51.67
(±26.7
5)",,"41.67
(±28.
28)","60.00
(±28.
57)",,"36.67
(±23.
33)","53.33
(±24.
53)"
Page10_Table1,"Performa
nce","24.44
(±14.
34)","42.22
(±21.7
7)",,"32.78
(±24.56)",,"52.78
(±19.12
)","58.89
(±18.4
3)",,"45.56
(±17.4
7)","65.56
(±23.
54)",,"31.11
(±18.9
4)","52.78
(±20.5
7)",,"32.78
(±18.
30)","53.89
(±17.
33)",,"39.44
(±20.
29)","56.11
(±18.
82)"
Page10_Table1,Effort,"53.89
(±28.
93)","59.44
(±23.0
3)",,"51.11
(±23.54)",,"69.44
(±21.03
)","72.22
(±20.6
8)",,"66.67
(±21.4
4)","73.33
(±21.
71)",,"58.89
(±25.0
4)","66.67
(±23.1
6)",,"59.44
(±23.
44)","70.00
(±23.
33)",,"60.00
(±26.
48)","70.00
(±21.
62)"
Page10_Table1,"Frustrati
on","5.56
(±10.
11)","15.56
(±19.0
4)",,"23.89
(±22.18)",,"34.44
(±25.50
)","40.00
(±22.9
9)",,"28.89
(±20.0
3)","42.22
(±27.
24)",,"9.44
(±11.3
2)","26.11
(±17.3
3)",,"15.56
(±16.
91)","35.56
(±23.
46)",,"21.11
(±22.
29)","38.33
(±22.
38)"
Page10_Table1,"Weighted
rating","27.5
9
(±13.
92)","37.41
(±15.3
8)",,"31.76
(±14.71)",,"51.76
(±15.17
)","57.96
(±15.3
5)",,"46.39
(±16.3
5)","60.19
(±16.
50)",,"36.11
(±12.3
6)","50.28
(±16.3
5)",,"39.63
(±14.
26)","56.11
(±17.
56)",,"38.52
(±15.
78)","53.24
(±15.
98)"
Page10_Table1,SSQ,,,,,,,,,,,,,,,,,,,
Page10_Table1,ΔNausea,"-0.32
(±1.7
4)","1.59
(±5.65
)",,"6.04
(±19.64)",,"1.91
(±8.08)","0.32
(±3.95
)",,"1.27
(±4.14)","0.00
(±0.0
0)",,"2.23
(±7.38
)","1.91
(±4.62
)",,"3.18
(±7.6
5)","1.59
(±4.4
0)",,"0.00
(±0.0
0)","0.00
(±0.0
0)"
Page10_Table1,"ΔOculom
otor","0.25
(±4.2
1)","4.80
(±7.31
)",,"5.56
(±17.00)",,"1.52
(±8.30)","1.26
(±5.30
)",,"6.82
(±12.0
0)","6.57
(±10.
48)",,"1.52
(±5.42
)","0.76
(±7.00
)",,"1.52
(±4.1
8)","2.78
(±5.8
0)",,"3.28
(±6.5
1)","2.27
(±5.3
2)"
Page10_Table1,"ΔDisorie
ntation","3.71
(±9.6
3)","10.21
(±15.4
8)",,"30.16
(±44.33)",,"6.50
(±14.50
)","6.96
(±10.1
8)",,"12.53
(±19.8
0)","7.42
(±17.
04)",,"10.67
(±16.6
3)","4.18
(±12.7
4)",,"10.21
(±13.
65)","13.92
(±20.
68)",,"4.64
(±8.4
4)","4.18
(±12.
21)"
Page10_Table1,ΔTotal,"1.00
(±4.3
9)","5.73
(±6.86
)",,"13.21
(±27.30)",,"3.24
(±10.29
)","2.62
(±5.48
)",,"7.23
(±11.07
)","5.24
(±9.4
0)",,"4.49
(±8.12
)","2.24
(±6.99
)",,"4.74
(±7.0
1)","5.73
(±7.5
3)",,"2.87
(±4.2
5)","2.24
(±4.5
6)"
Page10_Table1,ΔTotal,2.55,1.60,,1.10,,1.90,1.47,,1.57,1.03,,2.60,2.57,,2.70,2.50,,1.57,1.83
Page11_Table1,,BenchmarkR,,,"Benchmar
kV",,Controller,,,Gaze,,,Head,,,Body,,,Face,
Page11_Table1,"Difficult
y",Easy,Hard,,Control,,Easy,Hard,,Easy,Hard,,Easy,Hard,,Easy,Hard,,Easy,Hard
Page11_Table1,"MFP
score","(±3.7
7)","(±3.32
)",,(±2.06),,(±4.52),"(±4.10
)",,(±3.28),"(±4.0
9)",,"(±5.10
)","(±4.45
)",,"(±4.9
2)","(±5.1
2)",,"(±2.4
3)","(±3.3
1)"
Page11_Table1,Ranking,/,/,,/,,"3.70
(±1.37)","3.57
(±1.36
)",,"3.73
(±1.20)","3.90
(±1.1
8)",,"2.00
(±1.31
)","1.90
(±1.24
)",,"2.73
(±0.9
8)","2.37
(±0.9
3)",,"2.83
(±1.4
6)","3.27
(±1.3
4)"
Page11_Table2,,𝑊,𝑝
Page11_Table2,𝑆𝑆𝑄,,
Page11_Table2,𝑛𝑎𝑢𝑠𝑒𝑎,105.00,<0.01
Page11_Table2,𝑜𝑐𝑢𝑙𝑜𝑚𝑜𝑡𝑜𝑟,242.00,<0.001
Page11_Table2,𝑑𝑖𝑠𝑜𝑟𝑖𝑒𝑛𝑡𝑎𝑡𝑖𝑜𝑛,351.00,<0.001
Page11_Table2,𝑡𝑜𝑡𝑎𝑙,351.00,<0.001
Page11_Table2,𝑀𝐹𝑃,,
Page11_Table2,ℎ𝑎𝑛𝑑 𝑓𝑎𝑡𝑖𝑔𝑢𝑒,55.00,<0.01
Page11_Table2,𝑎𝑟𝑚 𝑓𝑎𝑡𝑖𝑔𝑢𝑒,136.00,<0.001
Page11_Table2,𝑛𝑒𝑐𝑘 𝑓𝑎𝑡𝑖𝑔𝑢𝑒,210.00,<0.001
Page11_Table2,𝑠ℎ𝑜𝑢𝑙𝑑𝑒𝑟 𝑓𝑎𝑡𝑖𝑔𝑢𝑒,36.00,<0.05
Page11_Table2,𝑙𝑜𝑤𝑒𝑟 𝑏𝑎𝑐𝑘 𝑓𝑎𝑡𝑖𝑔𝑢𝑒,36.00,<0.05
Page11_Table2,ℎ𝑒𝑎𝑑 𝑓𝑎𝑡𝑖𝑔𝑢𝑒,91.00,<0.01
Page11_Table2,𝑓𝑎𝑐𝑖𝑎𝑙 𝑓𝑎𝑡𝑖𝑔𝑢𝑒,91.00,<0.01
Page11_Table2,𝑡𝑜𝑡𝑎𝑙,378.00,<0.001
Page11_Table2,Heartrate,,
Page11_Table2,𝐻𝑅,465.00,<0.001
Page12_Table1,,Mode,,,Difficulty,,,Mode x Difficulty,,
Page12_Table1,,"𝐹
(4,261)","2
𝑥
4",𝑝,"𝐹
(1,261)","2
𝑥
1",𝑝,"𝐹
(4,261)","2
𝑥
4",𝑝
Page12_Table1,𝐷,12.78,,< 0.001,163.22,,< 0.001,5.45,,< 0.001
Page12_Table1,𝑎𝑣𝑔𝑆𝑝𝑑,13.51,,< 0.001,163.85,,< 0.001,5.16,,< 0.001
Page12_Table1,𝑁𝑜𝐶,,436.31,< 0.001,,135.28,< 0.001,,92.42,< 0.001
Page12_Table1,𝑇𝑜𝐶,16.56,,< 0.001,100.11,,< 0.001,1.61,,0.17
Page12_Table1,𝑆𝐴𝐿,6.54,,< 0.001,39.87,,< 0.001,4.83,,< 0.001
Page13_Table1,,Mode,,,Difficulty,,,Mode x Difficulty,,
Page13_Table1,,"𝐹
(4,261)","2
𝑥
4",𝑝,"𝐹
(1,261)","2
𝑥
1",𝑝,"𝐹
(4,261)","2
𝑥
4",𝑝
Page13_Table1,𝑁𝑜𝐴,,216.90,< 0.001,,3.75,0.053,,18.54,< 0.001
Page13_Table1,𝑇𝑜𝐴,171.47,,< 0.001,12.30,,< 0.001,1.25,,0.290
Page14_Table1,,Mode,,Difficulty,,Mode x Difficulty,
Page14_Table1,,"2
𝑥
5",𝑝,"2
𝑥
1",𝑝,"2
𝑥
5",𝑝
Page14_Table1,𝐵,1390.06,< 0.001,831.05,< 0.001,66.39,< 0.001
Page15_Table1,,Mode,,,Difficulty,,,Mode x Difficulty,,
Page15_Table1,,"𝐹
(4,261)","2
𝑥
4",𝑝,"𝐹
(1,261)","2
𝑥
1",𝑝,"𝐹
(4,261)","2
𝑥
4",𝑝
Page15_Table1,𝑁𝑜𝐺,,38.23,< 0.001,,459.48,< 0.001,,88.56,< 0.001
Page15_Table1,𝑇𝑜𝐺,11.47,,< 0.001,1112.29,,< 0.001,25.08,,< 0.001
Page16_Table1,,Mode,,Difficulty,,Mode x Difficulty,
Page16_Table1,,"𝐹
(5,319)",𝑝,"𝐹
(1,319)",𝑝,"𝐹
(5,319)",𝑝
Page16_Table1,Δ𝐻𝑅,15.12,< 0.001,1.76,0.19,2.44,< 0.05
Page17_Table1,,Mode,,Difficulty,,Mode x Difficulty,
Page17_Table1,,"𝐹
(5,319)",𝑝,"𝐹
(1,319)",𝑝,"𝐹
(5,319)",𝑝
Page17_Table1,𝑚𝑒𝑛𝑡𝑎𝑙 𝑑𝑒𝑚𝑎𝑛𝑑,39.13,< 0.001,130.84,< 0.001,0.51,0.77
Page17_Table1,𝑝ℎ𝑦𝑠𝑖𝑐𝑎𝑙 𝑑𝑒𝑚𝑎𝑛𝑑,13.16,< 0.001,4.36,< 0.05,0.45,0.81
Page17_Table1,𝑡𝑒𝑚𝑝𝑜𝑟𝑎𝑙 𝑑𝑒𝑚𝑎𝑛𝑑,15.63,< 0.001,41.71,< 0.001,2.63,< 0.05
Page17_Table1,𝑝𝑒𝑟𝑓𝑜𝑟𝑚𝑎𝑛𝑐𝑒,17.65,< 0.001,101.12,< 0.001,2.56,< 0.05
Page17_Table1,𝑒𝑓𝑓𝑜𝑟𝑡,5.45,< 0.001,19.71,< 0.001,0.49,0.79
Page17_Table1,𝑓𝑟𝑢𝑠𝑡𝑟𝑎𝑡𝑖𝑜𝑛,24.85,< 0.001,57.19,< 0.001,1.51,0.19
Page17_Table1,𝑤𝑒𝑖𝑔ℎ𝑡𝑒𝑑 𝑟𝑎𝑡𝑖𝑛𝑔,30.52,< 0.001,108.31,< 0.001,1.90,0.09
Page18_Table1,,Mode,,Difficulty,,Mode x Difficulty,
Page18_Table1,,"𝐹
(5,319)",𝑝,"𝐹
(1,319)",𝑝,"𝐹
(5,319)",𝑝
Page18_Table1,Δ𝑜𝑐𝑢𝑙𝑜𝑚𝑜𝑡𝑜𝑟,4.93,< 0.001,0.34,0.56,1.21,0.30
Page18_Table1,Δ𝑑𝑖𝑠𝑜𝑟𝑖𝑒𝑛𝑡𝑎𝑡𝑖𝑜𝑛,2.44,< 0.05,0.02,0.88,2.34,< 0.05
Page18_Table1,Δ𝑡𝑜𝑡𝑎𝑙 𝑠𝑐𝑜𝑟𝑒,2.80,< 0.05,0.38,0.54,2.79,< 0.05
Page19_Table1,,Mode,,Difficulty,,Mode x Difficulty,
Page19_Table1,,"𝐹
(5,319)",𝑝,"𝐹
(1,319)",𝑝,"𝐹
(5,319)",𝑝
Page19_Table1,Muscle fatigue,,,,,,
Page19_Table1,Δℎ𝑎𝑛𝑑 𝑓𝑎𝑡𝑖𝑔𝑢𝑒,3.48,< 0.01,217.32,< 0.001,15.73,< 0.001
Page19_Table1,Δ𝑎𝑟𝑚 𝑓𝑎𝑡𝑖𝑔𝑢𝑒,5.32,< 0.001,32.98,< 0.001,4.84,< 0.001
Page19_Table1,Δ𝑛𝑒𝑐𝑘 𝑓𝑎𝑡𝑖𝑔𝑢𝑒,2.81,< 0.05,0.75,0.75,0.22,0.22
Page20_Table1,Δ𝑠ℎ𝑜𝑢𝑙𝑑𝑒𝑟 𝑓𝑎𝑡𝑖𝑔𝑢𝑒,0.88,0.49,0.59,0.44,7.83,< 0.001
Page20_Table1,Δ𝑢𝑝𝑝𝑒𝑟 𝑏𝑎𝑐𝑘 𝑓𝑎𝑡𝑖𝑔𝑢𝑒,1.85,0.10,54.02,< 0.001,5.82,< 0.001
Page20_Table1,Δ𝑙𝑜𝑤𝑒𝑟 𝑏𝑎𝑐𝑘 𝑓𝑎𝑡𝑖𝑔𝑢𝑒,6.96,< 0.001,25.39,< 0.001,1.76,0.12
Page20_Table1,Δℎ𝑒𝑎𝑑 𝑓𝑎𝑡𝑖𝑔𝑢𝑒,2.81,< 0.05,1.05,0.31,5.84,< 0.001
Page20_Table1,Δ𝑓𝑎𝑐𝑖𝑎𝑙 𝑓𝑎𝑡𝑖𝑔𝑢𝑒,12.67,< 0.001,97.46,< 0.001,8.23,< 0.001
Page20_Table1,Muscle pain,,,,,,
Page20_Table1,Δ𝑛𝑒𝑐𝑘 𝑝𝑎𝑖𝑛,2.13,0.06,7.22,< 0.01,5.08,< 0.001
Page20_Table1,Δ𝑠ℎ𝑜𝑢𝑙𝑑𝑒𝑟 𝑝𝑎𝑖𝑛,1.03,0.40,37.89,< 0.001,9.81,< 0.001
Page20_Table1,Δ𝑢𝑝𝑝𝑒𝑟 𝑏𝑎𝑐𝑘 𝑝𝑎𝑖𝑛,1.06,0.39,668.60,< 0.001,49.62,< 0.001
Page20_Table1,Δ𝑙𝑜𝑤𝑒𝑟 𝑏𝑎𝑐𝑘 𝑝𝑎𝑖𝑛,1.15,0.33,506.51,< 0.001,55.21,< 0.001
Page20_Table1,Δℎ𝑒𝑎𝑑 𝑝𝑎𝑖𝑛,2.08,0.07,371.08,< 0.001,31.37,< 0.001
Page20_Table1,ΔTotal score,5.47,< 0.001,10.61,< 0.01,1.94,0.09
Page21_Table1,,Mode,,Difficulty,,Mode x Difficulty,
Page21_Table1,,"𝐹
(5,319)",𝑝,"𝐹
(1,319)",𝑝,"𝐹
(5,319)",𝑝
Page21_Table1,𝑟𝑎𝑛𝑘𝑖𝑛𝑔,22.59,< 0.001,0.00,0.95,1.03,0.39
Page22_Table1,,Mode,,Difficulty,,Mode x Difficulty,
Page22_Table1,,"2
𝑥
8",𝑝,"2
𝑥
2",𝑝,"2
𝑥
8",𝑝
Page22_Table1,𝑟𝑎𝑛𝑘𝑖𝑛𝑔,18.9,< 0.05,56.5,< 0.001,13.2,0.11
Page24_Table1,"***the bias toward the VR task in the MR multitasking context, may be due to xxx (from qualitative"
Page24_Table1,results)
Page24_Table2,"This was caused by a higher level of frustration due to the delayed processing of voice commands,"
Page24_Table2,which led to more overshoots.
